sample_id,n_sites,concordance,cohen_kappa,switches_per_mb_model,switches_per_mb_reference,median_tract_bp_model,median_tract_bp_reference,yri_pct_model,yri_pct_reference
NA19713,15946,1.0,1.0,0.0,0.0,941208.0,941208.0,100.0,100.0
NA20289,15946,0.8590242066976044,0.71096893396885,4.249857629769402,2.124928814884701,76158.0,331222.0,10.610811488774614,0.0
NA20334,15946,0.9747899159663865,0.9495914157509537,2.124928814884701,2.124928814884701,339072.0,338145.0,50.2759312680296,47.917973159413016
NA20342,15946,0.4798068481123793,0.14406923810464134,4.249857629769402,2.124928814884701,116130.0,335697.0,0.0,0.0
NA20351,15946,1.0,1.0,0.0,0.0,941208.0,941208.0,100.0,100.0
