sample_id,n_sites,concordance,cohen_kappa,switches_per_mb_model,switches_per_mb_reference,median_tract_bp_model,median_tract_bp_reference,yri_pct_model,yri_pct_reference
NA19922,15946,0.843471717045027,0.0,2.124928814884701,0.0,218902.0,941208.0,84.3471717045027,100.0
NA19982,15946,1.0,1.0,0.0,0.0,941208.0,941208.0,100.0,100.0
NA20334,15946,0.9747899159663865,0.9495914157509537,2.124928814884701,2.124928814884701,339072.0,338145.0,50.2759312680296,47.917973159413016
NA20351,15946,1.0,1.0,0.0,0.0,941208.0,941208.0,100.0,100.0
NA20356,15946,0.5120406371503825,0.08285629858685632,4.249857629769402,2.124928814884701,91101.0,412054.0,9.764204189138342,0.0
