sample_id,n_sites,concordance,cohen_kappa,switches_per_mb_model,switches_per_mb_reference,median_tract_bp_model,median_tract_bp_reference,yri_pct_model,yri_pct_reference
NA19711,15946,0.7744889000376269,0.0,4.249857629769402,0.0,157453.0,941208.0,8.742004264392325,0.0
NA19904,15946,0.5554998118650445,-0.12296050228956772,2.124928814884701,1.0624644074423506,88629.0,470578.5,19.534679543459173,0.0
NA19914,15946,0.38705631506333876,0.0,2.124928814884701,0.0,305248.0,941208.0,0.0,0.0
NA19923,15946,0.8381412266399096,0.6081381002550604,3.187393222327052,1.0624644074423506,60277.0,470599.0,0.0,0.0
NA20321,15946,0.7943684936661232,0.4341207470771417,4.249857629769402,2.124928814884701,85495.0,86861.0,67.80383795309169,88.36698858647937
