sample_id,n_sites,concordance,cohen_kappa,switches_per_mb_model,switches_per_mb_reference,median_tract_bp_model,median_tract_bp_reference,yri_pct_model,yri_pct_reference
NA19703,15946,0.9982440737489026,0.9888647584198655,2.124928814884701,2.124928814884701,125382.0,170993.0,8.56641163928258,8.691834942932397
NA19707,15946,0.3016430452778126,0.0,3.187393222327052,0.0,169964.0,941208.0,30.164304527781262,100.0
NA20351,15946,1.0,1.0,0.0,0.0,941208.0,941208.0,100.0,100.0
NA20355,15946,0.5874827542957481,0.16413023978951138,2.124928814884701,3.187393222327052,80963.0,246350.0,21.566537062586228,9.12454534052427
NA20412,15946,0.9763577072620093,0.9354400850351537,2.124928814884701,2.124928814884701,105534.0,106134.0,0.0,0.0
