sample_id,n_sites,concordance,cohen_kappa,switches_per_mb_model,switches_per_mb_reference,median_tract_bp_model,median_tract_bp_reference,yri_pct_model,yri_pct_reference
NA19713,15946,1.0,1.0,0.0,0.0,941208.0,941208.0,100.0,100.0
NA19904,15946,0.5554998118650445,-0.12296050228956772,2.124928814884701,1.0624644074423506,88629.0,470578.5,19.534679543459173,0.0
NA19921,15946,0.5432083281073623,0.0,4.249857629769402,0.0,144786.0,941208.0,0.0,0.0
NA20282,15946,0.9196663740122915,0.8418350486947319,4.249857629769402,2.124928814884701,138486.0,312873.0,52.21999247460178,60.25335507337263
NA20291,15946,1.0,1.0,0.0,0.0,941208.0,941208.0,100.0,100.0
