sample_id,n_sites,concordance,cohen_kappa,switches_per_mb_model,switches_per_mb_reference,median_tract_bp_model,median_tract_bp_reference,yri_pct_model,yri_pct_reference
NA19700,855,0.704093567251462,0.0,1.0710537026326499,0.0,466319.5,933660.0,70.4093567251462,100.0
NA19704,855,0.9567251461988304,0.9119951929095416,1.0710537026326499,1.0710537026326499,391167.0,466158.5,54.619883040935676,58.94736842105263
NA19711,855,0.672514619883041,-0.0288233853188533,4.2842148105305995,2.1421074052652997,155226.0,52494.0,19.76608187134503,0.0
NA19712,855,1.0,1.0,0.0,0.0,933660.0,933660.0,0.0,0.0
NA19713,855,1.0,1.0,0.0,0.0,933660.0,933660.0,100.0,100.0
NA19900,855,1.0,1.0,0.0,0.0,933660.0,933660.0,100.0,100.0
NA19908,855,1.0,1.0,0.0,0.0,933660.0,933660.0,100.0,100.0
NA19922,855,0.8771929824561403,0.0,2.1421074052652997,0.0,215216.0,933660.0,87.71929824561404,100.0
NA19984,855,0.7333333333333333,0.0,3.21316110789795,0.0,135254.5,933660.0,73.33333333333333,100.0
NA20126,855,0.5415204678362573,-0.29417397751143004,2.1421074052652997,1.0710537026326499,111103.0,466316.0,25.029239766081872,20.818713450292396
NA20274,855,0.7134502923976608,-0.06762245995300896,2.1421074052652997,1.0710537026326499,111103.0,457061.5,0.0,0.0
NA20276,855,0.7953216374269005,0.0,1.0710537026326499,0.0,466762.5,933660.0,79.53216374269006,100.0
NA20289,855,0.5742690058479533,0.0,4.2842148105305995,0.0,70748.0,933660.0,12.397660818713451,0.0
NA20299,855,0.7847953216374269,0.5344542888087925,3.21316110789795,2.1421074052652997,108061.5,68984.0,0.0,0.0
NA20332,855,0.6105263157894737,0.0,2.1421074052652997,0.0,69416.0,933660.0,61.05263157894737,100.0
NA20334,855,0.3473684210526316,-0.11954851048352083,2.1421074052652997,1.0710537026326499,334642.0,465805.0,51.812865497076025,0.0
NA20342,855,0.752046783625731,-0.06592805603090922,4.2842148105305995,1.0710537026326499,110753.0,463390.0,0.0,11.812865497076023
NA20346,855,0.17660818713450294,-0.041629172261985495,5.355268513163249,2.1421074052652997,60606.5,325753.0,15.555555555555555,71.69590643274854
NA20351,855,0.8748538011695907,0.0,0.0,1.0710537026326499,933660.0,465384.5,100.0,87.48538011695906
NA20356,855,0.5637426900584795,-0.017003472764786563,4.2842148105305995,4.2842148105305995,85127.0,77081.0,13.333333333333334,30.17543859649123
