sample_id,n_sites,concordance,cohen_kappa,switches_per_mb_model,switches_per_mb_reference,median_tract_bp_model,median_tract_bp_reference,yri_pct_model,yri_pct_reference
NA19713,717,1.0,1.0,0.0,0.0,861957.0,861957.0,100.0,100.0
NA19904,717,0.14086471408647142,-0.27259525620634817,2.320301360740733,1.1601506803703665,55958.0,430284.5,40.725244072524404,0.0
NA19921,717,0.4295676429567643,0.0,4.640602721481466,0.0,74505.0,861957.0,0.0,0.0
NA20282,717,0.5606694560669456,0.0,4.640602721481466,0.0,61286.0,861957.0,56.06694560669456,100.0
NA20291,717,1.0,1.0,0.0,0.0,861957.0,861957.0,100.0,100.0
