sample_id,n_sites,concordance,cohen_kappa,switches_per_mb_model,switches_per_mb_reference,median_tract_bp_model,median_tract_bp_reference,yri_pct_model,yri_pct_reference
NA19713,855,1.0,1.0,0.0,0.0,933660.0,933660.0,100.0,100.0
NA20289,855,0.5742690058479533,0.0,4.2842148105305995,0.0,70748.0,933660.0,12.397660818713451,0.0
NA20334,855,0.3473684210526316,-0.11954851048352083,2.1421074052652997,1.0710537026326499,334642.0,465805.0,51.812865497076025,0.0
NA20342,855,0.752046783625731,-0.06592805603090922,4.2842148105305995,1.0710537026326499,110753.0,463390.0,0.0,11.812865497076023
NA20351,855,0.8748538011695907,0.0,0.0,1.0710537026326499,933660.0,465384.5,100.0,87.48538011695906
