sample_id,n_sites,concordance,cohen_kappa,switches_per_mb_model,switches_per_mb_reference,median_tract_bp_model,median_tract_bp_reference,yri_pct_model,yri_pct_reference
NA19713,717,1.0,1.0,0.0,0.0,861957.0,861957.0,100.0,100.0
NA20289,717,0.49511854951185497,0.0,3.4804520411110995,0.0,175355.0,861957.0,14.504881450488146,0.0
NA20334,717,0.2217573221757322,-0.1459152605967216,2.320301360740733,1.1601506803703665,334642.0,429953.5,61.785216178521615,0.0
NA20342,717,0.704323570432357,-0.022418629053413176,4.640602721481466,1.1601506803703665,106023.0,429902.5,0.0,15.899581589958158
NA20351,717,0.8507670850767085,0.0,0.0,1.1601506803703665,861957.0,429533.0,100.0,85.07670850767084
