sample_id,n_sites,concordance,cohen_kappa,switches_per_mb_model,switches_per_mb_reference,median_tract_bp_model,median_tract_bp_reference,yri_pct_model,yri_pct_reference
NA19703,855,0.19298245614035087,0.0,2.1421074052652997,0.0,119905.0,933660.0,19.29824561403509,100.0
NA19707,855,0.30409356725146197,0.0,3.21316110789795,0.0,164517.5,933660.0,30.4093567251462,100.0
NA20351,855,0.8748538011695907,0.0,0.0,1.0710537026326499,933660.0,465384.5,100.0,87.48538011695906
NA20355,855,0.6350877192982456,0.0,2.1421074052652997,0.0,75491.0,933660.0,36.49122807017544,0.0
NA20412,855,0.7204678362573099,0.0,2.1421074052652997,0.0,101600.0,933660.0,0.0,0.0
