sample_id,n_sites,concordance,cohen_kappa,switches_per_mb_model,switches_per_mb_reference,median_tract_bp_model,median_tract_bp_reference,yri_pct_model,yri_pct_reference
NA19713,855,1.0,1.0,0.0,0.0,933660.0,933660.0,100.0,100.0
NA19904,855,0.28538011695906434,-0.2169982085324175,2.1421074052652997,1.0710537026326499,83263.0,466094.0,34.15204678362573,0.0
NA19921,855,0.36023391812865496,0.0,4.2842148105305995,0.0,137623.0,933660.0,0.0,0.0
NA20282,855,0.631578947368421,0.0,4.2842148105305995,0.0,132989.0,933660.0,63.1578947368421,100.0
NA20291,855,1.0,1.0,0.0,0.0,933660.0,933660.0,100.0,100.0
