sample_id,n_sites,concordance,cohen_kappa,switches_per_mb_model,switches_per_mb_reference,median_tract_bp_model,median_tract_bp_reference,yri_pct_model,yri_pct_reference
NA19711,717,0.5913528591352859,-0.05682521317000781,4.640602721481466,2.320301360740733,155226.0,106116.0,23.570432357043234,0.0
NA19904,717,0.14086471408647142,-0.27259525620634817,2.320301360740733,1.1601506803703665,55958.0,430284.5,40.725244072524404,0.0
NA19914,717,0.6806136680613668,0.0,2.320301360740733,0.0,303326.0,861957.0,0.0,0.0
NA19923,717,0.6387726638772664,0.3446971434620746,2.320301360740733,1.1601506803703665,54462.0,429420.0,0.0,0.0
NA20321,717,0.4811715481171548,0.0,4.640602721481466,0.0,58827.0,861957.0,48.11715481171548,100.0
