sample_id,n_sites,concordance,cohen_kappa,switches_per_mb_model,switches_per_mb_reference,median_tract_bp_model,median_tract_bp_reference,yri_pct_model,yri_pct_reference
NA19625,717,0.5258019525801952,0.0,4.640602721481466,0.0,35318.0,861957.0,0.0,0.0
NA19700,717,0.8396094839609484,0.0,1.1601506803703665,0.0,430468.0,861957.0,83.96094839609484,100.0
NA19701,717,0.400278940027894,0.00905099541664783,4.640602721481466,1.1601506803703665,84361.0,429736.0,42.11994421199442,0.0
NA19703,717,0.4630404463040446,-0.3568532035685321,2.320301360740733,2.320301360740733,48202.0,365959.0,23.01255230125523,30.683403068340308
NA19704,717,0.9483960948396095,0.8969695557445619,1.1601506803703665,1.1601506803703665,355315.5,430307.0,45.885634588563455,51.04602510460251
