sample_id,n_sites,concordance,cohen_kappa,switches_per_mb_model,switches_per_mb_reference,median_tract_bp_model,median_tract_bp_reference,yri_pct_model,yri_pct_reference
NA19922,855,0.8771929824561403,0.0,2.1421074052652997,0.0,215216.0,933660.0,87.71929824561404,100.0
NA19982,855,1.0,1.0,0.0,0.0,933660.0,933660.0,100.0,100.0
NA20334,855,0.3473684210526316,-0.11954851048352083,2.1421074052652997,1.0710537026326499,334642.0,465805.0,51.812865497076025,0.0
NA20351,855,0.8748538011695907,0.0,0.0,1.0710537026326499,933660.0,465384.5,100.0,87.48538011695906
NA20356,855,0.5637426900584795,-0.017003472764786563,4.2842148105305995,4.2842148105305995,85127.0,77081.0,13.333333333333334,30.17543859649123
