sample_id,n_sites,concordance,cohen_kappa,switches_per_mb_model,switches_per_mb_reference,median_tract_bp_model,median_tract_bp_reference,yri_pct_model,yri_pct_reference
NA19922,717,0.8535564853556485,0.0,2.320301360740733,0.0,215216.0,861957.0,85.35564853556485,100.0
NA19982,717,1.0,1.0,0.0,0.0,861957.0,861957.0,100.0,100.0
NA20334,717,0.2217573221757322,-0.1459152605967216,2.320301360740733,1.1601506803703665,334642.0,429953.5,61.785216178521615,0.0
NA20351,717,0.8507670850767085,0.0,0.0,1.1601506803703665,861957.0,429533.0,100.0,85.07670850767084
NA20356,717,0.6569037656903766,0.09596834541223716,4.640602721481466,3.4804520411110995,85127.0,173633.5,15.899581589958158,17.573221757322177
