sample_id,n_sites,concordance,cohen_kappa,switches_per_mb_model,switches_per_mb_reference,median_tract_bp_model,median_tract_bp_reference,yri_pct_model,yri_pct_reference
NA19703|h1,855,0.6187134502923977,0.0,4.2842148105305995,0.0,139356.0,933660.0,61.87134502923977,100.0
NA19703|h2,855,0.5403508771929825,0.0,5.355268513163249,0.0,59753.5,933660.0,54.03508771929825,100.0
NA19707|h1,855,0.9485380116959065,0.0,2.1421074052652997,0.0,266685.0,933660.0,94.85380116959064,100.0
NA19707|h2,855,0.7953216374269005,0.0,4.2842148105305995,0.0,133255.0,933660.0,79.53216374269006,100.0
NA20351|h1,855,0.9005847953216374,0.49094666059608427,2.1421074052652997,1.0710537026326499,143418.0,465384.5,90.64327485380117,87.48538011695906
NA20351|h2,855,1.0,1.0,0.0,0.0,933660.0,933660.0,100.0,100.0
NA20355|h1,855,0.6070175438596491,0.0,4.2842148105305995,0.0,105010.0,933660.0,60.70175438596491,100.0
NA20355|h2,855,0.3345029239766082,0.0,2.1421074052652997,0.0,111103.0,933660.0,66.54970760233918,0.0
NA20412|h1,855,0.7649122807017544,0.0,2.1421074052652997,0.0,101600.0,933660.0,76.49122807017544,100.0
NA20412|h2,855,1.0,1.0,0.0,0.0,933660.0,933660.0,0.0,0.0
