sample_id,n_sites,concordance,cohen_kappa,switches_per_mb_model,switches_per_mb_reference,median_tract_bp_model,median_tract_bp_reference,yri_pct_model,yri_pct_reference
NA19922|h1,855,0.9801169590643275,0.0,2.1421074052652997,0.0,70154.0,933660.0,98.01169590643275,100.0
NA19922|h2,855,0.9590643274853801,0.0,2.1421074052652997,0.0,207019.0,933660.0,95.90643274853801,100.0
NA19982|h1,855,1.0,1.0,0.0,0.0,933660.0,933660.0,100.0,100.0
NA19982|h2,855,1.0,1.0,0.0,0.0,933660.0,933660.0,100.0,100.0
NA20334|h1,855,0.9578947368421052,0.8381703470031544,3.21316110789795,1.0710537026326499,155706.5,465805.0,82.80701754385964,86.54970760233918
NA20334|h2,855,0.295906432748538,0.0,1.0710537026326499,0.0,466319.5,933660.0,70.4093567251462,0.0
NA20351|h1,855,0.9005847953216374,0.49094666059608427,2.1421074052652997,1.0710537026326499,143418.0,465384.5,90.64327485380117,87.48538011695906
NA20351|h2,855,1.0,1.0,0.0,0.0,933660.0,933660.0,100.0,100.0
NA20356|h1,855,0.7426900584795322,0.213010225428012,3.21316110789795,2.1421074052652997,186362.5,290686.0,69.23976608187135,94.97076023391813
NA20356|h2,855,0.8690058479532163,0.6599552572706935,3.21316110789795,2.1421074052652997,142688.0,251840.0,21.05263157894737,30.17543859649123
