sample_id,n_sites,concordance,cohen_kappa,switches_per_mb_model,switches_per_mb_reference,median_tract_bp_model,median_tract_bp_reference,yri_pct_model,yri_pct_reference
NA19711,855,0.672514619883041,-0.0288233853188533,4.2842148105305995,2.1421074052652997,155226.0,52494.0,19.76608187134503,0.0
NA19904,855,0.28538011695906434,-0.2169982085324175,2.1421074052652997,1.0710537026326499,83263.0,466094.0,34.15204678362573,0.0
NA19914,855,0.7321637426900585,0.0,2.1421074052652997,0.0,303326.0,933660.0,0.0,0.0
NA19923,855,0.5415204678362573,0.22868741542625168,3.21316110789795,1.0710537026326499,59373.5,465271.5,0.0,0.0
NA20321,855,0.5649122807017544,0.0,4.2842148105305995,0.0,79833.0,933660.0,56.49122807017544,100.0
