sample_id,n_sites,concordance,cohen_kappa,switches_per_mb_model,switches_per_mb_reference,median_tract_bp_model,median_tract_bp_reference,yri_pct_model,yri_pct_reference
NA19703,717,0.4630404463040446,-0.3568532035685321,2.320301360740733,2.320301360740733,48202.0,365959.0,23.01255230125523,30.683403068340308
NA19707,717,0.36262203626220363,0.0,3.4804520411110995,0.0,140867.5,861957.0,36.26220362622036,100.0
NA20351,717,0.8507670850767085,0.0,0.0,1.1601506803703665,861957.0,429533.0,100.0,85.07670850767084
NA20355,717,0.5160390516039052,-0.09622883428284397,2.320301360740733,1.1601506803703665,63090.0,427663.0,43.51464435146443,4.881450488145049
NA20412,717,0.8591352859135286,0.0,2.320301360740733,0.0,101600.0,861957.0,0.0,0.0
