method,runs,runtime_seconds_mean,runtime_seconds_std,peak_memory_kb_mean,peak_memory_kb_std,peak_memory_gb_mean,peak_memory_gb_std
hmm,3,15.331000000000001,1.4370306190196505,129674.66666666667,12579.36490182765,0.12366739908854167,0.011996617223575258
flare,4,1.00075,0.6410545348616346,173331.0,114894.89970113266,0.16530132293701172,0.10957231493104234
rfmix,3,18.132,0.21579851714040965,358249.3333333333,7094.011371102623,0.34165318806966144,0.006765376444914459
