run_id,method,task,runtime_seconds,peak_memory_kb,peak_memory_gb
20260311T222629Z,hmm,model_export,16.283,137180.0,0.13082504272460938
20260311T222629Z,flare,flare_inference,1.249,233260.0,0.22245407104492188
20260311T222629Z,rfmix,rfmix_inference,18.092,350144.0,0.33392333984375
