method,runs,runtime_seconds_mean,runtime_seconds_std,peak_memory_kb_mean,peak_memory_kb_std,peak_memory_gb_mean,peak_memory_gb_std
hmm,1,13.678,,115152.0,,0.1098175048828125,
flare,2,0.716,0.951765727477093,114342.0,160255.85246099439,0.10904502868652344,0.15283189054583968
rfmix,1,17.939,,361276.0,,0.3445396423339844,
