sample_size,hmm_vs_rfmix,hmm_vs_flare,flare_vs_rfmix
5,0.5425474110741834,0.137753562531193,0.3510603402624807
20,0.5026077255394027,0.2325087017439374,0.4702363554831724
50,0.4832183490763689,0.2525640920936524,0.5121187625030723
