sample_size,hmm_vs_rfmix,hmm_vs_flare,flare_vs_rfmix
5,0.215686190854517,0.1702090973973444,0.2441550310621586
20,0.1013095539339781,0.1029767789987326,0.0685807734738214
50,0.0138990338200287,0.0113549053763765,0.0170555770565866
