sample_size,hmm_vs_rfmix,hmm_vs_flare,flare_vs_rfmix
5,0.503084798342999,0.3769002434276678,0.5867349522984295
20,0.5602903520393299,0.4404634636010706,0.6586003178984864
50,0.535191945488546,0.4228686704628644,0.6896251654865749
