sample_size,hmm_vs_rfmix,hmm_vs_flare,flare_vs_rfmix
5,0.7950232033111752,0.6405146198830409,0.736146393972013
20,0.8109977423805341,0.7084444444444444,0.7739181916038752
50,0.8209492035620218,0.7284304093567253,0.7899418729817008
