sample_size,hmm_vs_rfmix,hmm_vs_flare,flare_vs_rfmix
5,0.080395799745906,0.0766099023901603,0.1130021063236648
20,0.0587675352696439,0.0544307527642222,0.033241409639658
50,0.0101964924275262,0.0081095690829045,0.0066840486635193
