sample_size,hmm_vs_rfmix,hmm_vs_flare,flare_vs_rfmix
5,0.9050282202433212,0.8125847953216374,0.8458342303552208
20,0.902313119277562,0.8386900584795323,0.8711517761033368
50,0.9020349931017184,0.8449239766081872,0.8821141011840687
