sample_size,hmm_vs_rfmix,hmm_vs_flare,flare_vs_rfmix
5,0.104999639933674,0.1212794810195023,0.1725448575307936
20,0.0728441652593204,0.0906542175098751,0.048620941581404
50,0.0106632903286099,0.0154011799001427,0.0157921868758788
