sample_size,hmm_vs_rfmix,hmm_vs_flare,flare_vs_rfmix
5,0.7950232033111752,0.6228172942817294,0.7310824742268041
20,0.8109977423805341,0.7030683403068341,0.7811082474226805
50,0.8209492035620218,0.7201227336122734,0.7949072164948453
