sample_size,repeats,hmm_vs_rfmix_aligned_rows,hmm_vs_rfmix_concordance_mean,hmm_vs_rfmix_concordance_std,hmm_vs_rfmix_kappa_mean,hmm_vs_rfmix_kappa_std,hmm_vs_flare_aligned_rows,hmm_vs_flare_concordance_mean,hmm_vs_flare_concordance_std,hmm_vs_flare_kappa_mean,hmm_vs_flare_kappa_std,flare_vs_rfmix_aligned_rows,flare_vs_rfmix_concordance_mean,flare_vs_rfmix_concordance_std,flare_vs_rfmix_kappa_mean,flare_vs_rfmix_kappa_std
5,5,79730.0,0.7950232033111752,0.080395799745906,0.5425474110741834,0.215686190854517,4275.0,0.6405146198830409,0.0853234451026797,0.137753562531193,0.1488749263987072,4645.0,0.736146393972013,0.111076091934791,0.3510603402624807,0.2299810722353912
20,5,318920.0,0.8109977423805341,0.0587675352696439,0.5026077255394027,0.1013095539339781,17100.0,0.7084444444444444,0.0603879481774233,0.2325087017439374,0.0998084316581701,18580.0,0.7739181916038752,0.0388221567771785,0.4702363554831724,0.0578146174751833
50,5,797300.0,0.8209492035620218,0.0101964924275262,0.4832183490763689,0.0138990338200287,42750.0,0.7284304093567253,0.0109545085926704,0.2525640920936524,0.0130630419709354,46450.0,0.7899418729817008,0.0092365076295747,0.5121187625030723,0.0221601381057987
