sample_size,hmm_vs_rfmix,hmm_vs_flare,flare_vs_rfmix
5,0.215686190854517,0.1488749263987072,0.2299810722353912
20,0.1013095539339781,0.0998084316581701,0.0578146174751833
50,0.0138990338200287,0.0130630419709354,0.0221601381057987
