sample_size,hmm_vs_rfmix,hmm_vs_flare,flare_vs_rfmix
5,0.5425474110741834,0.122852743007735,0.3344629666457793
20,0.5026077255394027,0.2105069354070998,0.4542039108783715
50,0.4832183490763689,0.2362704968229028,0.4904867858039318
