sample_size,hmm_vs_rfmix,hmm_vs_flare,flare_vs_rfmix
5,0.080395799745906,0.0853234451026797,0.111076091934791
20,0.0587675352696439,0.0603879481774233,0.0388221567771785
50,0.0101964924275262,0.0109545085926704,0.0092365076295747
