sample_size,repeats,hmm_vs_rfmix_aligned_rows,hmm_vs_rfmix_concordance_mean,hmm_vs_rfmix_concordance_std,hmm_vs_rfmix_kappa_mean,hmm_vs_rfmix_kappa_std,hmm_vs_flare_aligned_rows,hmm_vs_flare_concordance_mean,hmm_vs_flare_concordance_std,hmm_vs_flare_kappa_mean,hmm_vs_flare_kappa_std,flare_vs_rfmix_aligned_rows,flare_vs_rfmix_concordance_mean,flare_vs_rfmix_concordance_std,flare_vs_rfmix_kappa_mean,flare_vs_rfmix_kappa_std
5,5,159460.0,0.9050282202433212,0.0436993692552171,0.503084798342999,0.104999639933674,8550.0,0.8125847953216374,0.0449254975679291,0.3769002434276678,0.1212794810195023,9290.0,0.8458342303552208,0.0663664762635355,0.5867349522984295,0.1725448575307936
20,5,637840.0,0.902313119277562,0.0282116016302275,0.5602903520393299,0.0728441652593204,34200.0,0.8386900584795323,0.0293637240905519,0.4404634636010706,0.0906542175098751,37160.0,0.8711517761033368,0.0168149618010317,0.6586003178984864,0.048620941581404
50,5,1594600.0,0.9020349931017184,0.0034837875387201,0.535191945488546,0.0106632903286099,85500.0,0.8449239766081872,0.0059944059281564,0.4228686704628644,0.0154011799001427,92900.0,0.8821141011840687,0.00616286046522,0.6896251654865749,0.0157921868758788
