sample_size,hmm_vs_rfmix,hmm_vs_flare,flare_vs_rfmix
5,0.0436993692552171,0.0449254975679291,0.0663664762635355
20,0.0282116016302275,0.0293637240905519,0.0168149618010317
50,0.0034837875387201,0.0059944059281564,0.00616286046522
