method_pair,sample_size,repeats,mean_aligned_rows,mean_samples_compared,mean_concordance,std_concordance,mean_kappa,std_kappa
flare_vs_rfmix,5,5,4645.0,5.0,0.736146393972013,0.11107609193479108,0.3510603402624807,0.22998107223539127
flare_vs_rfmix,20,5,18580.0,20.0,0.7739181916038752,0.038822156777178575,0.4702363554831724,0.05781461747518338
flare_vs_rfmix,50,5,46450.0,50.0,0.7899418729817008,0.009236507629574718,0.5121187625030723,0.022160138105798702
hmm_vs_flare,5,5,4275.0,5.0,0.6405146198830409,0.08532344510267979,0.13775356253119306,0.1488749263987072
hmm_vs_flare,20,5,17100.0,20.0,0.7084444444444444,0.060387948177423344,0.2325087017439374,0.09980843165817019
hmm_vs_flare,50,5,42750.0,50.0,0.7284304093567253,0.01095450859267045,0.25256409209365244,0.013063041970935493
hmm_vs_rfmix,5,5,79730.0,5.0,0.7950232033111752,0.08039579974590609,0.5425474110741834,0.21568619085451704
hmm_vs_rfmix,20,5,318920.0,20.0,0.8109977423805341,0.05876753526964399,0.5026077255394027,0.10130955393397814
hmm_vs_rfmix,50,5,797300.0,50.0,0.8209492035620218,0.010196492427526281,0.48321834907636896,0.013899033820028762
