method_pair,sample_size,repeats,mean_aligned_rows,mean_samples_compared,mean_concordance,std_concordance,mean_kappa,std_kappa
flare_vs_rfmix,5,5,9290.0,10.0,0.8458342303552208,0.06636647626353553,0.5867349522984295,0.1725448575307936
flare_vs_rfmix,20,5,37160.0,40.0,0.8711517761033368,0.016814961801031775,0.6586003178984864,0.04862094158140407
flare_vs_rfmix,50,5,92900.0,100.0,0.8821141011840687,0.0061628604652200734,0.6896251654865749,0.01579218687587882
hmm_vs_flare,5,5,8550.0,10.0,0.8125847953216374,0.04492549756792911,0.3769002434276678,0.12127948101950232
hmm_vs_flare,20,5,34200.0,40.0,0.8386900584795323,0.029363724090551956,0.4404634636010706,0.09065421750987511
hmm_vs_flare,50,5,85500.0,100.0,0.8449239766081872,0.005994405928156494,0.4228686704628644,0.015401179900142701
hmm_vs_rfmix,5,5,159460.0,10.0,0.9050282202433213,0.043699369255217196,0.503084798342999,0.10499963993367405
hmm_vs_rfmix,20,5,637840.0,40.0,0.9023131192775619,0.028211601630227588,0.5602903520393299,0.07284416525932046
hmm_vs_rfmix,50,5,1594600.0,100.0,0.9020349931017183,0.003483787538720115,0.535191945488546,0.01066329032860992
