sample_size,repeats,hmm_vs_rfmix_aligned_rows,hmm_vs_rfmix_concordance_mean,hmm_vs_rfmix_concordance_std,hmm_vs_rfmix_kappa_mean,hmm_vs_rfmix_kappa_std,hmm_vs_flare_aligned_rows,hmm_vs_flare_concordance_mean,hmm_vs_flare_concordance_std,hmm_vs_flare_kappa_mean,hmm_vs_flare_kappa_std,flare_vs_rfmix_aligned_rows,flare_vs_rfmix_concordance_mean,flare_vs_rfmix_concordance_std,flare_vs_rfmix_kappa_mean,flare_vs_rfmix_kappa_std
5,5,79730.0,0.7950232033111752,0.080395799745906,0.5425474110741834,0.215686190854517,3585.0,0.6228172942817294,0.0766099023901603,0.122852743007735,0.1702090973973444,3880.0,0.7310824742268041,0.1130021063236648,0.3344629666457793,0.2441550310621586
20,5,318920.0,0.8109977423805341,0.0587675352696439,0.5026077255394027,0.1013095539339781,14340.0,0.7030683403068341,0.0544307527642222,0.2105069354070998,0.1029767789987326,15520.0,0.7811082474226805,0.033241409639658,0.4542039108783715,0.0685807734738214
50,5,797300.0,0.8209492035620218,0.0101964924275262,0.4832183490763689,0.0138990338200287,35850.0,0.7201227336122734,0.0081095690829045,0.2362704968229028,0.0113549053763765,38800.0,0.7949072164948453,0.0066840486635193,0.4904867858039318,0.0170555770565866
