sample_size,repeats,mean_aligned_rows,mean_samples_compared,mean_concordance,std_concordance,mean_kappa,std_kappa
5,5,79730.0,5.0,0.7950232033111752,0.08039579974590609,0.5425474110741834,0.21568619085451704
20,5,318920.0,20.0,0.8109977423805341,0.05876753526964399,0.5026077255394027,0.10130955393397814
50,5,797300.0,50.0,0.8209492035620218,0.010196492427526281,0.48321834907636896,0.013899033820028762
