sample_id,n_sites,concordance,cohen_kappa,switches_per_mb_model,switches_per_mb_reference,median_tract_bp_model,median_tract_bp_reference,yri_pct_model,yri_pct_reference
NA19703,776,0.44329896907216493,-0.37335004793156823,2.316291987135314,2.316291987135314,367451.0,170754.0,32.08762886597938,23.582474226804123
NA19707,776,1.0,1.0,0.0,0.0,863449.0,863449.0,100.0,100.0
NA20351,776,0.8505154639175257,0.0,1.158145993567657,0.0,430279.0,863449.0,85.05154639175258,100.0
NA20355,776,0.4961340206185567,0.02272668710866027,1.158145993567657,3.4744379807029713,428409.0,159751.5,4.639175257731959,24.355670103092784
NA20412,776,0.8814432989690721,0.0,0.0,2.316291987135314,863449.0,103092.0,0.0,0.0
