sample_id,n_sites,concordance,cohen_kappa,switches_per_mb_model,switches_per_mb_reference,median_tract_bp_model,median_tract_bp_reference,yri_pct_model,yri_pct_reference
NA19713,776,1.0,1.0,0.0,0.0,863449.0,863449.0,100.0,100.0
NA20289,776,0.604381443298969,0.0,0.0,2.316291987135314,863449.0,328446.0,0.0,0.0
NA20334,776,0.2822164948453608,-0.14369479739419888,1.158145993567657,2.316291987135314,430699.5,336134.0,0.0,55.54123711340206
NA20342,776,0.27448453608247425,0.05744175460019459,1.158145993567657,2.316291987135314,431046.0,263481.0,16.108247422680414,0.0
NA20351,776,0.8505154639175257,0.0,1.158145993567657,0.0,430279.0,863449.0,85.05154639175258,100.0
