sample_id,n_sites,concordance,cohen_kappa,switches_per_mb_model,switches_per_mb_reference,median_tract_bp_model,median_tract_bp_reference,yri_pct_model,yri_pct_reference
NA19713,929,1.0,1.0,0.0,0.0,935152.0,935152.0,100.0,100.0
NA19904,929,0.8148546824542519,0.5594145674328318,1.0693448765548275,1.0693448765548275,466840.0,463191.0,0.0,0.0
NA19921,929,1.0,1.0,0.0,0.0,935152.0,935152.0,0.0,0.0
NA20282,929,0.7416576964477933,0.0,0.0,2.138689753109655,935152.0,307995.0,100.0,74.16576964477933
NA20291,929,1.0,1.0,0.0,0.0,935152.0,935152.0,100.0,100.0
