sample_id,n_sites,concordance,cohen_kappa,switches_per_mb_model,switches_per_mb_reference,median_tract_bp_model,median_tract_bp_reference,yri_pct_model,yri_pct_reference
NA19922,776,1.0,1.0,0.0,0.0,863449.0,863449.0,100.0,100.0
NA19982,776,1.0,1.0,0.0,0.0,863449.0,863449.0,100.0,100.0
NA20334,776,0.2822164948453608,-0.14369479739419888,1.158145993567657,2.316291987135314,430699.5,336134.0,0.0,55.54123711340206
NA20351,776,0.8505154639175257,0.0,1.158145993567657,0.0,430279.0,863449.0,85.05154639175258,100.0
NA20356,776,0.7448453608247423,0.46517780067388825,3.4744379807029713,2.316291987135314,174551.5,410872.0,18.170103092783506,0.0
