sample_id,n_sites,concordance,cohen_kappa,switches_per_mb_model,switches_per_mb_reference,median_tract_bp_model,median_tract_bp_reference,yri_pct_model,yri_pct_reference
NA19703,929,0.1969860064585576,0.0,0.0,2.138689753109655,935152.0,170754.0,100.0,19.69860064585576
NA19707,929,1.0,1.0,0.0,0.0,935152.0,935152.0,100.0,100.0
NA20351,929,0.8751345532831001,0.0,1.0693448765548275,0.0,466130.5,935152.0,87.51345532831002,100.0
NA20355,929,0.5791173304628633,0.0,0.0,3.2080346296644824,935152.0,195603.0,0.0,20.344456404736274
NA20412,929,0.736275565123789,0.0,0.0,2.138689753109655,935152.0,103092.0,0.0,0.0
