sample_id,n_sites,concordance,cohen_kappa,switches_per_mb_model,switches_per_mb_reference,median_tract_bp_model,median_tract_bp_reference,yri_pct_model,yri_pct_reference
NA19711,776,0.9536082474226805,0.0,2.316291987135314,0.0,106116.0,863449.0,0.0,0.0
NA19904,776,0.7719072164948454,0.5184889150645745,1.158145993567657,1.158145993567657,431030.5,427339.5,0.0,0.0
NA19914,776,0.0,0.0,0.0,0.0,863449.0,863449.0,0.0,0.0
NA19923,776,0.7100515463917526,0.43998973635255634,1.158145993567657,1.158145993567657,430583.5,431512.0,0.0,0.0
NA20321,776,0.8182989690721649,0.0,0.0,2.316291987135314,863449.0,38696.0,100.0,81.8298969072165
