sample_id,n_sites,concordance,cohen_kappa,switches_per_mb_model,switches_per_mb_reference,median_tract_bp_model,median_tract_bp_reference,yri_pct_model,yri_pct_reference
NA19713,776,1.0,1.0,0.0,0.0,863449.0,863449.0,100.0,100.0
NA19904,776,0.7719072164948454,0.5184889150645745,1.158145993567657,1.158145993567657,431030.5,427339.5,0.0,0.0
NA19921,776,1.0,1.0,0.0,0.0,863449.0,863449.0,0.0,0.0
NA20282,776,0.6907216494845361,0.0,0.0,2.316291987135314,863449.0,302623.0,100.0,69.0721649484536
NA20291,776,1.0,1.0,0.0,0.0,863449.0,863449.0,100.0,100.0
