sample_id,n_sites,concordance,cohen_kappa,switches_per_mb_model,switches_per_mb_reference,median_tract_bp_model,median_tract_bp_reference,yri_pct_model,yri_pct_reference
NA19922,929,1.0,1.0,0.0,0.0,935152.0,935152.0,100.0,100.0
NA19982,929,1.0,1.0,0.0,0.0,935152.0,935152.0,100.0,100.0
NA20334,929,0.40043057050592035,-0.11725434905116519,1.0693448765548275,2.138689753109655,466551.0,336134.0,0.0,46.39397201291712
NA20351,929,0.8751345532831001,0.0,1.0693448765548275,0.0,466130.5,935152.0,87.51345532831002,100.0
NA20356,929,0.6135629709364908,0.3751093756733513,4.27737950621931,2.138689753109655,77081.0,410872.0,30.67814854682454,0.0
